1f74519b-b170-4aa2-8976-0ccb30ead4a8,3
b3864e3b-3fad-41b5-aaa1-bc5866bfc1e5,1
fcd7a7d6-526f-4395-8906-e8cf9c901b96,3
4c4b4768-1814-46dc-98a0-1af6aacfa727,4
4e61ac09-3426-4604-bf0c-4a03b3da43ac,3
20da4d91-066e-4061-9fc5-b82bd3fae875,5
d1f02f90-2d90-4a89-8614-6e49b6b6fd6a,6
04227d44-71b9-47b7-98e6-1161d8489a61,3
6c7b37c9-3f71-49aa-ace0-9960c111e229,3
c953884f-7ecf-428e-b226-0d620fe06815,2
271f224b-e5ee-42f2-be1a-ae51850e36a1,4
077295f3-7107-4703-8498-25adedcaa274,3
3082497b-bd14-4732-a715-edaec9f89776,4
309b076d-110c-4a15-8cb8-0456125fa575,4
6725afee-99d6-45f0-8205-e65012a7dc74,4
6c2095e9-ca35-4dd9-a143-d0ca380a9fcb,2
c1452712-13c2-47ec-aa70-ee70e6d740a7,4
b30c22bc-683f-46ab-a701-b8e01fcaca85,1
06edb55d-b9c6-4c00-822f-192afaafb214,3
573feff4-f809-44b4-b1ef-46cb3c1c07ba,4
4e0e3331-6feb-461b-9ad4-34f2fcfbd361,4
23f308e1-1791-479c-ae33-381db6eb22e9,1
5d6b9b08-4aec-438d-845d-f04f435421d9,4
3aa0da0e-9fa1-4a6d-93e9-019d51f4b722,3
225f482a-ffe6-4f2d-aceb-6031ab038b14,3
b661d62a-4e4d-4b62-84e7-4c2a0f937da4,3
c179f189-5b58-456a-b1fc-60693096abcb,3
66c5027b-5a75-4e5d-8c45-5e0dc9c26f0d,3
2b5c6456-f5bb-4b44-bf63-ef8031b2939b,3
389435db-2e23-4c17-8de9-12f065f2db06,1
db3a2a0c-867c-4233-a15a-03688ac8fb1c,1
7bf2c11b-203c-4758-9ac4-02c7b6e69e1d,3
52d26b44-e7fe-47e0-ab3e-9ab04bd07069,4
aae95d84-7301-4f67-8138-96f6e3b309eb,4
121fdd91-f838-45a3-9f19-296bd9df5f8e,1
6d694fe7-33c2-4254-bead-6c67efce89db,2
e4a17b05-6b48-47fc-9329-617ad99f4212,1
cf5fe69b-69ca-45b0-8b1c-73d34fa26f92,6
62cbf3da-0c6a-4bf4-9a46-ae7811ec2c32,1
a9a3a6ae-2808-4b6b-b402-dde94743a49d,3
40be4078-88f1-4bcc-9171-df67723a58e9,3
302bf42b-8522-4112-907c-df73f11587ed,4
9f29ed12-716a-4c35-838e-cd6757f21817,3
019bfe03-59e5-495f-b83d-2a33b33dcecd,4
c10a6150-61f5-442e-953c-90d3d1f53255,2
1eafe5f4-205d-4194-8e5f-4d91df13f92e,3
61e97c98-6eef-4a76-928f-3f14c0ade6a3,4
756ae091-62ed-4d7a-a8cd-8cef9cdf4a3b,6
16af5995-f4aa-4a04-98e2-9a78914b4464,2
604a65dc-ca6c-480d-b5ff-61f9801894b7,4
089cf2ca-c95e-49a2-9cf8-89ed611724d8,6
6d7b957f-5d49-4aec-a859-ef8b0f3ed466,4
99ab0d44-ba05-435d-84d3-98175905a3ad,4
d9f6f269-576a-4998-9cae-38ca508d701a,4
ed835044-eb45-4ba9-9e33-afbeaf5157ed,2
4ce6da5e-1bc8-4388-a936-7761b32160b4,4
cc08a389-a3a6-48fe-b69e-85c501fda6c0,4
958c42dc-4448-484b-bc9a-2dac4807e1f0,4
67961a03-3f57-49ff-a323-eb0d95dc925c,3
89def972-eb41-4c00-9af7-fdb69be1d518,6
330442c2-67ad-4475-9963-e2e552c3a8ef,2
7ed71eea-ed1e-4593-b688-01bdcce6f6ab,4
876ca821-0498-48ae-97c2-71da49438cf0,6
f2e55969-26cc-4699-9773-bde42d2bd4ea,2
9652b337-1061-4ac3-a1bf-6a22800d6279,2
30f8b5d7-191a-49aa-8502-17aa2801eac8,2
1145683c-f597-4e80-a929-08bb7049f3e5,6
2882e1cf-7d12-4a56-a32c-317f169f7334,3
039ac9b9-bf10-461a-a396-a39f6f2634b5,3
d0fae9b7-c828-4d84-8196-f50072dc9058,6
b357c44c-a955-46f0-9ce0-914288b564f6,3
a2187a53-c109-43f6-aca9-08f4712194d7,4
360a6cd4-ff6a-4337-ba95-59110c3a39ce,3
db28cf39-e3ee-4170-ac0e-f002675244c6,2
eefadebb-0cfd-4acf-814f-e9f7bdc9b1cf,3
0b61b67b-888d-4583-9be6-64f8e009c0d7,2
d43801e1-3c6e-47e2-b4ca-091550427728,3
57f5d1ab-72f9-460a-9ed3-6be02f76cfbb,1
524fa10b-41ca-42cd-80b6-ed363629cefa,2
0261db0a-8e9e-4454-8f91-286301909f33,3
84b2ed2b-a72b-432a-a20e-78ef7df1cb43,6
dd050759-cc31-42db-826c-0dae6eb6a435,6
8889833f-00da-4a05-a5c7-64b6c696e199,3
b344e6c7-f965-4fba-b276-2dc7da380024,6
71caafb5-7fe2-4207-b539-cc23a472e87b,4
868bf7eb-ac74-41db-b3b0-29db30ea6077,4
f8c8df4f-c96a-40a1-b0ba-575868d20bef,5
dec6d041-3ff1-4c38-9255-a3434573062e,6
f3ee8255-5a89-4404-9d23-8a3017573102,4
fb65c5ca-f291-4354-914a-572c40278e7e,3
ba1b2d46-c24b-46b8-b9da-7be597c3c396,6
09a338f8-40a5-4fda-89fb-386fab578c83,2
20cef068-2410-488a-9b38-47132250dd7a,6
c7abe178-0303-411f-a44b-bb4bb3f8f1e0,6
c5aa0168-c2c2-48d5-861e-3c518346c740,4
1d1f2037-66c3-4804-9b23-bf30ce6b0ba8,6
bc19878c-c2db-410a-84b3-3f3d4d0e4736,4
f0428c05-9d8a-4fff-81a4-bd8e26dfea1c,6
4f12c7a4-f4cc-4438-9cde-d6995aae6c20,4
2a360dc8-91d9-4d30-95f7-347d6b3c50fa,5
96c0f6ba-b71d-45d9-b1d2-df6eec90b07a,3
7d5efc84-d976-4aeb-b9eb-64fe06403786,1
bac2583a-d12f-49fa-8219-6b44b93a7634,4
881add10-bf27-407d-9124-599b7d2e653c,2
8e5c4904-59f1-4d55-8825-51d7dfd95224,3
96f7ca22-7eee-4e67-9edd-e99cb9ef6f09,3
c1fec0d8-e619-439c-b741-fc784d5a6691,4
36d92734-5174-4813-b002-daf234b9416d,3
8b6e6ed4-e23f-495d-a387-599e1f182c94,4
f07894b9-d522-48cb-adc5-ae87c294116e,4
ec83de82-f092-426b-ae04-7061b22f29ab,4
8d5e3aae-db36-4d61-98ab-6fbec68786a6,2
df1144c5-0387-4640-9397-14e46e35d06a,6
ca99ee74-d237-4ef3-8b7b-dfbd1e560f8c,2
7df14cd2-b329-4665-91e7-b34e6cc6c11c,6
04239a6f-e36d-4d07-8634-4b9234781e52,2
71f528b0-9233-4389-a490-5f9e5116a00b,3
8d640ec5-cacc-4e39-8919-f693d07fd496,2
7ffb57c7-7dc4-4dd8-a7f3-f14317fd7d30,3
8469524e-4b8f-4501-be31-fbfcf6379ea8,4
b5030d17-95ff-4935-8e8f-dc77b4019437,5
e19208f9-8aa2-4697-84da-cbb4c1cd2a01,4
8733b859-770b-4f86-a667-1303a83cb3fe,2
1af77747-1edc-4153-8478-3e9dfe95946e,4
5ef9b251-34fb-4b5c-82d8-7653946bbcf6,4
5ad27c63-8d58-48a7-b97a-fdd916d5a7db,4
45de0efc-27df-4b40-a351-46ffccf8ad57,6
5d0914a9-2be9-4481-a41d-077b4db23600,6
be063115-5912-4baf-a5a2-f1dac6706ace,3
34513f46-0d0a-4ca0-939a-1f92e2beceb7,4
fb072306-b0f3-43a6-9f0e-2b4d40ca337a,3
5e85fbc1-08cf-4862-8001-247670cc06d0,1
6505bf16-002b-40c8-81e6-ba58f353953c,6
471f1590-552e-4a0b-bb60-6466cc99e4ea,6
7982baa5-765d-4209-8882-8909ddf215ce,4
b9a9cf98-ac69-4f6d-aa47-34b6336fef44,2
09c34c1d-c2c7-45c8-ad3c-6985a05b2ea6,1
ca071803-33ec-4ca3-9968-3b0ed9086ad4,5
639d5780-1c5c-4b17-b877-4277b8c774aa,3
bb7eb5f2-7553-4a93-94f1-9226c6c7b2ba,5
a673c438-6d0a-4e23-a02d-1e88722e34c8,6
fe6b7d3f-6285-4fa3-aece-894f60573dd8,2
1d0da159-1cdc-4ad1-9a8e-1e9d1f07d2d5,6
c97dde7c-e9d4-40fd-92b5-0106ebe6b708,3
7eefaa1d-de86-402a-9d32-f7f25fbb05c9,4
6d765741-d7ab-4c49-a719-15327f57d821,5
834c6b3e-51e5-418c-8194-862874405714,2
b42c64b3-e79d-4f37-8d39-f3616e69bd92,6
d7cefcf5-2e38-4c18-a0dc-756d6199e7d8,3
dde5750f-96f9-4f04-a2ce-7c3eabc38e91,3
8906cad6-ec34-429c-b5ba-7f1bea3cded3,4
2b79ac31-f9ff-49df-b460-85db03e11199,3
1e0414aa-4398-418e-a7a9-6e22320a09c9,3
72a9374f-af49-454b-abfe-99678ab07a5c,1
0ee486f1-2517-4f6e-99be-68066129ece9,4
4cc1d494-7d59-4c58-a92e-db2b86293734,5
5bc1cf00-d658-425f-a7b9-2778fdd96004,4
0a630a2c-05af-4bec-8d40-6cb04bc7a029,6
a103916e-c1f7-4c42-893d-406553ec4b49,3
89131d21-c486-49e8-a0a5-863fc21504a9,5
4d659db5-f9da-46cf-abf1-58be2e0a7428,4
c82fa4e7-70c0-42e7-b1fc-735757ba5aae,3
2e26b495-004e-4f14-9877-febe7d0f23d1,5
6dc51e77-23f3-42db-becc-089f2dc171c8,2
9e44e586-3715-409f-95bd-b390e8ed3982,2
aa9b6c43-3326-475c-9ff6-c9b5c7e5e2d7,3
0b94aefe-c4f4-4ca6-bffd-3884bfdd51c2,6
cd93e9db-5c8f-4120-bf5e-73348e08e824,4
461deebc-fee8-4f2e-a94c-c237f22504d9,3
c609faea-4dd8-42d2-b656-546ea92b04c2,4
e432d33b-c9a5-4d12-9c1f-6026019802ba,6
86826064-69dd-4dd4-a4ce-7d5c0e7c444e,6
940aa39b-0bbc-4d98-ae94-7cc4e88f04bc,2
fe5916b6-675a-41e9-85a7-fd91b46d0d54,4
12f2133a-d52f-47bd-aaf5-379019bc0260,4
32117a00-4744-4d43-915b-473604c2f770,3
1c1a8764-bd08-457e-b2a7-7df93f6314fb,3
1c334e90-20ae-462e-acc3-f619395f4b30,3
0f0d7695-f692-4a6a-a7b2-c6d75804a536,3
5fdde11e-565e-40af-a31f-f4b47a9112ea,6
0ad44a47-b393-4a46-b166-0c5d490e7fac,3
d61da7b3-a78e-456d-8e45-0b3e147f9653,4
e2776926-49d4-4302-8cfa-8dcb91c397b6,2
5394b4c9-41b3-421b-b53d-a44214590ad7,5
162e1fc6-d41a-4964-8b7d-22c31dcef547,3
1321bfff-380d-415c-8626-c1dbace63e1d,6
6dcb791b-9f9f-4afb-8815-5caf077f27e8,3
ef0f4a4a-308b-4fae-8de5-c4e24cd39cf1,3
476588e3-96d9-4c23-a1f8-d18517624a99,4
170a5359-dc07-4296-b2d1-be9ea05d0b5a,3
450dd345-1420-4350-a9ef-b71befd1ab1e,4
0a9e2724-b3f2-46a5-a408-14345836dacb,3
ea3457a2-d913-4dca-91a7-5a0791c16e89,5
48f58802-7fe6-48cb-a443-0907d0a548af,6
1980292f-3a8d-4a5e-931c-d300465367c4,4
c4c057f6-8e9f-40c6-a99e-40eb0bfdb576,4
bbbe9ea9-bd9a-4470-b934-191d2df44a2e,6
2594d3a2-c449-4411-9b14-c24e381c9307,3
366fc0f2-67b3-4bed-9243-3ed4cf18cbe3,1
2506f797-f9db-48bf-a8dd-6531397d5f34,4
a4559650-8771-4a52-a201-3af95148472d,4
575b80be-37e5-4a2a-8f81-4d8003947622,3
84d76dee-0104-4f99-a1d7-e189ae60fe20,6
ab16ab8f-4b41-459c-a6be-acf1d416ca0c,3
2c030588-4c69-4557-8c2b-5064083038d9,3
3587cf36-2d8e-4c0e-986b-c35567a4aa2f,3
6b835187-c5e1-49a5-bf00-8cbc385d0d9c,4
b2dd3da7-b6c1-414e-a07b-0d0232b626d1,4
60f4f5aa-e10c-4837-882e-58613042b536,4
79e9d4e7-a532-42ac-977a-1eef3d32e1b6,3
d1b48657-c7a3-4b59-aa97-e9e278f837f1,3
86495951-deb8-4a6d-a312-c95e45e4bb32,4
5fec60c1-b36f-4e30-ad90-1b7b26ee6933,1
4b70faba-7c2b-4b25-8552-dce04bf4aed1,3
bbbfcb03-ff92-4a2a-bd7a-cb09f918ccc4,6
92aed16f-aff7-40f2-b583-015939bb48dd,6
d09dbc16-6065-49a7-86b5-c6ea5b539fc3,6
a2e3acc2-642d-4814-a733-44d03e902524,3
1be69e3d-0448-44fc-b3ee-dfc894f16fe5,3
a37a4cf0-dc80-46e3-917e-50182de80278,4
e03114f2-e948-44d0-b35e-814ba39486ea,6
0593e064-56ba-4561-ac5a-36a7ca0d98ff,1
9f760e23-a0cd-45fe-9d23-244c7b47311b,3
a8ea8ff0-f189-42fb-a1b8-20ff3c8037b9,3
d0c9ca9c-2917-41a2-9f3f-6bbd54acb0e7,4
af2ad329-9ca3-4c95-8c1b-bd7d2430bc95,3
10ee840e-da46-49d0-b771-92bfbe0ac60c,3
d1f5132d-4b5e-4969-8139-bb48a88d5d09,3
0688aa59-6da8-457c-91be-3788c185fd56,6
32a082f9-b68f-41d1-8384-388fd8f55889,3
61a24308-e8c9-457e-93fc-357709c677b4,4
691063e3-b6b2-47fe-9612-f026351c0b64,3
38cd89bd-234c-41f3-ac14-bf017e243b6b,6
a5588df0-5d6a-416a-820e-b288264cdfd5,6
e5ddcb86-d404-4f35-be0b-331e1d91df79,3
2a20687d-9399-40ec-9633-80a9e012c04e,4
20a5a6c9-e3b7-4f03-b579-b1847bb2676e,6
b00d8524-9a43-4707-b55c-bd5d25a26ea2,3
1e9a233d-613f-4951-961d-5023fe995bad,5
56219752-9f91-4d81-ab76-47b4f3fcfa50,4
3aa10c9f-3892-4c43-81cd-c73d79af81b4,6
4cd45664-2801-491c-9101-418577ba6615,4
84d5fef9-4106-454e-a597-1f88c3d6fd3d,6
5efbd7f7-bd4d-4479-a45e-295f833ec256,3
3c586db4-879b-4b7c-8ab0-77a0c14f2320,3
3303b6a5-ccd2-471d-897a-0292c4ee8395,2
b838b81b-226c-4b0c-998b-28c2fbf87345,6
6ba39132-a7b5-453a-94b2-26b020b2eb16,4
e6f9e75c-cebd-4c0b-a766-55e97d47de0e,3
52a06550-97ff-4b24-b3ae-2a0ebfc0c1a4,5
9c0253ca-251f-4752-b813-41ff3d457572,3
16a636cd-a982-4e88-8a2f-7189f4e13780,2
71a436d3-6d52-484e-a1a9-d89a1b845ec3,6
a510516f-904a-45b6-bb28-7653dcc349b5,2
da1956c5-1a85-42f6-ba5e-ba5d458d9b86,6
6b3b662a-3381-4161-aa96-2b4585dd84eb,6
53267989-7967-4bd7-827e-b5f7ef99c8ac,6
1db64a3a-e03b-4e47-b7ca-31de47c98bbe,5
73119c3e-2d18-4475-a121-f8f777905e7a,4
74d42271-1b04-4050-8bda-500ba150230e,3
95b87fe8-6b44-41e6-b224-244cefefb13e,1
7f8acd22-7837-4edd-9560-2cf998c44864,6
8e2285c2-1f1e-4673-8b41-1b065186a43d,4
45facfde-b95f-431c-9357-137e642e292f,6
8f8123a7-d7b7-48ba-9b56-5b4e2b81cfe5,3
c55268ec-aa67-4ea2-9504-1df52d1f15b5,4
af10697d-35b9-4f97-afc0-6357a6c0e676,3
f2298b78-8610-4938-a83f-e767e07bd47a,3
4ac51095-846b-4792-bd26-36e9d4b30c4a,3
e1f3e903-ed2a-4d5b-ad41-e2681165ff7d,3
635cc8be-f50c-410e-8c71-3b69877f5978,2
1f186dcf-eb69-44d1-837d-1f4a0079431b,4
65e70825-6d5f-47a5-86f7-243928479fdf,2
46390b6b-fee4-4278-af7f-ac258c0b22a4,3
351f6eb5-b583-4873-b349-81951500d5e0,3
9b6c6963-565b-486f-a7df-93aa6fa35fde,3
2b1e7316-bb2f-47a6-b8b8-01a4bb85dd73,5
89000fab-4e86-4bb3-b1e1-a24507a5a5ff,3
e3dc36da-744b-454d-812d-5422d036f434,3
0e5857dc-e4de-4396-89f8-a3c7890a7f2d,6
0c9644d4-0c0f-45b3-8ac0-f6a6077d8b01,2
6acd3dc1-383e-47e0-a7b7-c053100dddf4,3
e0fccad6-e923-4798-a484-6c0b79daacc8,6
cb0f1bec-4cb9-46e1-9605-57f63b8b6a43,3
e77b32d1-c398-4235-9511-5a0a07728e1c,1
61e427bf-72a6-4f1d-bd29-19d1dd7f100d,6
c4ca9c30-5928-4694-a4a9-000a1cc86865,3
ff74176d-f46a-47e0-93a7-d699ae65242c,4
2996e0a7-3367-466c-9feb-a3c2509683eb,3
9d57148a-9d26-48f9-aa43-bd856f39d59c,6
1cdfe917-fa53-484b-836e-03c28cba2252,4
974ec5b7-e6fe-430c-95de-32b1c3d83e20,3
ef443ac7-3d5b-4cdb-9c99-d3e7c527828e,3
196f59d1-49dd-4929-81b2-6b9fc4cc909f,4
80a6bd06-3599-402f-b334-da9de2144a0a,2
6fd7dd3d-dab2-40df-97b4-453627aeb838,6
34c2e82b-af1c-457e-b5bc-86d8f302e007,6
44abc32c-ea8a-4aec-abdd-94e9bbdd9423,4
2100d784-266f-4728-8013-b54d0353661c,3
417487eb-912d-4211-b123-7299bfd88d22,1
9b73d77e-4a70-4339-a779-713d1141eb8c,6
e4798c8b-3d73-42c9-989d-9ee5cf49111a,4
de8e11b7-fdc8-4837-814a-2cf67e5ca968,2
f9a7482d-12dd-4da0-b6a1-b78c135f7271,5
5ce3ce38-4a4f-48b4-9f21-042c80d9be58,3
135e749f-9184-40c1-820c-87661a598642,4
c73623f3-224a-4fc6-906d-1cd717c11074,6
a22b4039-7937-4bc3-b2f5-38e683c24f0b,3
38884a81-e70d-4955-881a-b060f45233a5,4
3d8ebaa8-c26e-452d-a8bd-03d058145e44,4
61ec206e-4601-4e17-9c19-0cc7d010e69d,2
6e27f84f-e63b-4946-ab5a-4b9b073ddfdd,2
f8c21b9a-e55e-47ed-be9c-feb41040dc1c,4
4a03233f-4abd-4747-8dc3-370502dfec67,2
8308abcc-c579-4370-9c03-164d1ee2610d,3
772c9fb6-ff15-4630-b88d-605121d4a7c3,2
6445df63-26cb-4e28-abac-d1d34b873684,3
dff61b5f-f5fd-44c4-9b99-915bc93044b5,6
73d6ec96-ef8c-429c-8678-0f1896681b01,4
be4cd774-3dbb-43fd-be7c-a563489e6b9d,6
a732584f-b4b9-4659-99c5-b3243c657d36,3
9dd4af89-921e-4fbc-ac1c-d358f6dc59a6,5
adea3244-8cc3-4b11-97fd-935ece2b5389,5
4640bf53-d02d-476b-9aaa-ce218e5e5cc1,6
8d0f9272-9662-4baf-a2ff-e0452a52cdc6,3
dc3ef994-578c-4218-b9bb-8da1f032f90c,2
13ffcffb-b02d-465d-9ef0-2cd2ff659ca0,6
f3d83b30-69c9-4b7b-8f8c-1e5cc12ce8a6,2
251b4479-5945-4bb4-975b-90f7898a878f,3
8e572db5-e3a6-4f40-845e-d1925b37da13,6
61c1597e-213b-453d-9201-6913f4d98335,2
8ec19200-a601-4953-84e6-6f7b718b1d52,3
16fa78a3-d573-4a55-9cfa-2a94340e6bcd,6
60157acb-c51f-49eb-94d4-a1f08b043435,4
79ae3135-621f-46ae-899e-a75bcb9fdb95,3
4b86ca5b-16b1-4d2b-9f70-fb71d7ff9ba7,2
59d29f70-628f-4025-8efc-035ac98405ce,3
519d91cc-0cb5-4ffe-afb1-29d01149a8b7,3
02336060-3071-495e-8fa4-8d2ebeffa43f,2
2bf58c49-de48-4cc8-854f-285d521829a3,3
303b9d5e-9a69-45e3-9e09-84fbe8d90bd0,4
bbbdd6ec-b281-4670-bc33-1946b3398c2f,5
576b67e7-63ee-449e-a38b-1516414bf280,1
d9da0aee-4573-49d7-8182-56d0a6f45eda,4
6ecd4d81-127a-4e05-8292-c4b1e7db129d,3
5b3ae473-901d-49b1-83bd-86a50650209b,4
1550ddc6-04e1-4685-b2f0-6d07aab0385d,5
ff06da6a-7136-43ba-a6a7-c713f16e8e81,4
8bbb7f37-e8c6-487b-b62f-552b31034a9e,6
218e509c-24ae-454f-ab6a-26a5973214c6,6
bfea1b0f-05df-4e34-b39a-bec37d30ee1a,6
6ffb44c6-0a86-4beb-bac2-79586b268fc1,5
86daa940-38f3-489e-b17e-5c3d9b1cf253,2
e760fd8b-47ab-4d09-9f1a-8ce9aa915b2c,2
44be2127-3d47-4e17-ad82-b410789a5c02,3
641de64f-e10f-404d-96a6-0b97b4ed677b,2
152cc1cb-23d5-448d-a439-dc1d2ab62352,3
d6708619-3b73-4af8-912e-7245b8c5c550,6
c6920595-ae54-4328-842e-338cc93de24b,4
5fc8ddb2-6180-41e4-9b70-cca0935ee6f4,6
ab65b39c-479f-4b0f-9e71-9ba7a3e73036,6
70dc991e-898c-49c1-84c3-c8b74d0d3592,1
3fa6f568-e1b0-4bbf-8b82-1c4aa8219b16,3
aa8d0fe3-37d1-4c21-906f-0d64ace9a792,2
1803c884-f399-4a5f-b604-1374cdc73185,4
829cb180-eac2-4569-a012-29b08e8c2544,1
689c8386-ca70-4461-bfe5-e744c838394d,6
838b6f4f-cf92-4d6c-bd27-de7bc534571b,6
8fc760c7-d5da-41e5-8b34-0902e9b4df2b,3
1028da35-5673-4516-8217-6ed3c952f43c,5
ff72d7cd-a4ae-4ee6-ad43-5abb8f5d90ee,6
c2901d2f-7c5b-43a9-b3f1-20b9125e4101,4
87efc9a7-b6ab-4c45-b8d7-5173a20816e2,3
d01d5b49-729b-40aa-9899-9774ae90df23,6
d81db3d5-8290-4547-a379-d08fbd70cbc5,3
b7796520-12e5-4aa1-90a6-1211adf41e72,5
ccaebb17-0f8b-41f5-abe9-12a0c70f8193,5
385a0ceb-42a5-4f42-b3de-a0a722c2cfaf,4
abf2029f-06dc-4ff4-803d-7b81bba19a8d,2
f444e51a-e2e7-43a6-a971-136145c691e1,5
761bf6cc-3407-4e38-9d18-927738c7d9c5,2
9e308776-487d-434f-8b7b-cd827692df0e,3
4e7ad087-7949-4541-b6ae-4f055ca75bbc,3
2d7ed496-2a8f-45cc-a946-b859ebfa64c3,1
263b99c5-1b21-4eec-ba87-efa8028f184e,3
f6a34935-dbc2-4de7-82b5-327bd6d56fdd,3
5cc36643-da2f-4c02-89d6-54f948f8944a,6
c8cb4455-3100-4edb-b891-3176523a0c4f,4
09c43a34-158e-4bc1-831f-0ec363cf9b3c,3
78728333-dfae-4692-ad23-3655d7dbd737,2
fd6e1050-3f77-43a0-8255-e6b25d9b936f,3
b3511116-e8ce-4839-ad47-8391376cce0b,4
6673ec54-0f86-4206-aaa6-984d19d191f0,6
e80640c5-7a8d-4777-b4b0-eec5058df03e,4
acad3861-6ea7-476c-be0a-79bd8599cc1e,3
7860cd34-3b61-4289-9508-5748b7fcabe3,2
0b82a9d4-0e11-4611-87b9-b0bcdf2328f2,4
402a20ba-5bf6-4788-93ea-63c0ebf16e45,2
009b2805-fd49-431d-baa2-07d6ec83a7c0,6
e024ff75-6ab0-4b43-985a-5a1a96559c3b,2
038d0456-c375-4570-bfdb-9a6acc58c665,3
90615dae-0d8d-4910-bcf1-a6ce2abc5efb,5
556d2668-ccfd-4151-9686-c81f00078424,6
473c747e-a5a3-4114-b40c-0ea9d9ac5ff8,3
0c8226d4-a4b8-4372-a080-2312b6581c7b,4
f55fbcd0-2261-46f1-8393-768db513b520,6
b5a7e5c4-91ec-4573-b094-96a1ba450261,6
af0a04a0-ef36-4c62-b0b0-f2d8fd8c6d3c,4
96979749-f872-4226-a487-aa7ea84f1ff6,6
c378745f-7930-4a3d-bfa3-b955b9fba21a,3
fcca2f24-36e2-4fe0-9702-9879ecce482e,6
4332ccd3-20a1-4c91-afa4-a0db254bd345,4
2cc3d3f7-f7c4-4a4c-82fe-5978f2b3ca64,3
2629a956-93af-4edf-8779-0a1b03037b34,3
b4d5a8bf-b8d1-4ea4-a9ad-dc992f4f7f0e,6
93626a97-927e-43dd-a898-7c1049a0edcb,6
a3650257-947b-4bdf-a158-986f36a159b1,3
ff77c322-d8d5-4b68-ba1d-a8c5d34c74c4,1
ab5a2e3e-8e7d-4954-9d80-837b1dcabe3e,3
ae6c2ce4-a231-4901-81f9-a6396d062fcc,2
404a0d36-1245-4ee9-8799-2a2bca2094d9,4
6e5638ce-d2c4-41a7-b96e-479d48286317,5
9854d876-12d5-41f7-84e3-1027cf8b50dc,4
a5845ed7-8816-462d-8852-f9c35e48275d,2
0f7c1487-1c61-4ca5-9db9-98d7d6c4a0b7,4
2a391121-56bf-4137-b70a-39a93adbd362,6
004fd4f8-2ed3-482d-83e7-092ae7cf0f81,3
8124f081-13ba-473a-8c1d-18e3c62be0f7,4
3b15059e-196f-4e58-a451-967d1598670a,5
d60de709-8cfb-486a-ade0-93fed5166f7f,4
c5d2d623-0fcf-4279-afbd-26a9f1ae4204,2
e82c7af3-93c5-4f10-af44-eebadefe0c1c,4
0d7db7e1-42de-4958-9465-c1742ab06c7e,3
eca3b905-1e9c-4cf6-be86-bfad0cbc0530,6
b22ea6f6-56f5-437f-9f8b-880267ac6799,4
0dd3f5b5-f9c3-4751-aa60-7f9a82594bfe,3
afb29aec-b48d-4ce1-b2af-90ed82bde13f,6
23f1f3d4-6c1e-477a-a5cb-ec741392a754,3
443a3123-1c83-472b-aca1-bd0a512d8512,6
275093d4-bcab-456e-9bb8-739dbc0d448f,3
39780f51-82c6-458b-a011-55d63748770b,3
7fc5aa95-3366-4b04-938e-96e282a10267,3
e65fa7f4-5644-46e1-8c87-154ece70fed4,2
8a3e5bd3-1bcc-4423-9597-a7bb8669d21a,4
1f0fa713-89ed-4ecf-b06c-621fedaffebb,4
7c99a493-e868-482c-a786-ca0e057d966e,6
69290f0a-ced3-49a8-a16f-064f43c493e3,3
19d9827c-f335-4a53-bca4-46301ed75d90,3
547936b0-e3df-4fc3-bcff-04c934467ebd,3
1b0b121a-a8bd-4925-82a0-e040c8f9c944,3
4adcb854-c6b6-499e-a850-aa75f193bdd7,2
d0743303-c24f-4fba-a145-d2150caacab6,2
1d80df81-6d53-46ac-a483-c91b94293fbb,2
a247e8cd-8aaa-4567-9454-13e25979ca1d,3
7f876819-fe90-4648-9d1a-51278b31e645,4
6b6e90d4-9818-44ae-82bf-f9b1f9bfaa93,4
557300fd-6091-465d-a05a-4b678f77f42d,2
2a1f38e6-bcd5-4474-ac42-a3cb80e7cee3,1
d26d684b-1088-485a-8745-27ccc4946f91,3
a55ce43a-2a73-4653-8ebd-b6e81fec57bc,6
db09c48e-138d-4001-931d-002e3300b5f2,2
2e9b17a5-1ece-4208-a20a-753d0e58181b,2
0ea0ff55-1676-4220-a38a-e2a862d89d92,4
db810098-6a4b-4748-b799-34660edd7dd8,4
77b41bb7-8025-4048-b3b1-75e4f8bdfe1a,4
f98d32b3-ab43-45cd-9708-37c85ca03e8e,3
75522e1b-734b-4ad3-b8bb-343207d16b61,4
b25b5014-2e4e-4fc2-86af-4342d8092f49,4
648f9b13-6907-4bbf-9182-bebf0e47231a,3
88a53224-579d-4f49-822f-617c0ce6fe64,3
d43ee918-ee00-494a-b5f4-d5eaac75fc5c,3
e4a4b0fa-2a3a-47bb-b617-38dabc262f58,3
e652a690-3555-47d1-a69a-3d1029d740d4,4
37831195-0330-41ee-91f5-e03c147a1805,6
94539959-a5de-4d98-98dc-d4ff9abd8ce5,3
b210c0e0-1c41-4a60-b608-8918ff7f3600,2
189ea5d7-4613-40bb-b206-060bcb9cf0d3,6
84700d06-a81c-4a0f-b367-faad7eee3346,6
83b452c9-d573-4ced-a40a-d5f4eaf995ca,2
67a8a041-c480-41f9-837f-61b79e7de66e,4
f51857ef-563d-4d38-965d-c4058e6a2597,2
f0a409cf-2814-455e-b69c-f4080a2669ca,3
aabf7379-4895-47fa-9256-472ea8608959,6
3231516c-52a6-4331-b50c-deab2f3235e8,3
ec29fbe9-656d-4e33-b843-7b3774d30aed,4
58e2ef9f-a782-450b-9207-de7a1fa78cf5,3
d292e612-c568-4e29-b979-68248f64f833,4
7687026d-43e2-4dda-8943-dc72a04278e2,3
4e18f695-1853-4c20-9bfc-0133aed6e3df,3
56d0b4e8-fc05-46b8-8df0-bbb6ce535231,5
39482d35-45a1-4ec3-8391-ff77a1f94557,6
d37fc225-89a4-4119-9f3a-0f97fdd60808,2
5b34f80a-ab77-44d1-a01e-1d34ec4d4c11,2
69b09cec-e48d-451f-9d1e-5e892eba3ad2,3
92c8808f-9ed3-4f84-a173-4b0008cf7c2c,3
a9270c84-1b1e-42b5-b410-35922648f026,4
f5c453ec-0b13-4e4b-bf48-aa313ba5bb04,4
c37d2719-7af8-437b-bb9b-2eaf17c67e00,5
b04810e4-5138-4dbd-9114-283e019c35cf,6
0fbc5d8f-e156-431b-9090-a81e0f567a22,2
db720243-19d4-4b7d-8502-7141975b08a0,4
1449e736-c4d1-4257-b40c-9d3a21c510f7,4
d7b8128a-876f-4c8d-981f-9b226615a017,3
9a137be0-7edc-4575-8fee-e7c6267e12a7,6
241291c7-f922-4f9d-869b-9f0b885e3e37,4
33b1bf85-603b-42f5-a97a-ae52d1d106d7,3
f20b82d6-ffd4-4e53-8582-fe683184d2e2,5
16415772-ce6e-4bd3-a65e-dc1cfb63916f,6
e1458290-5ee8-4015-9734-2424f8a0563a,3
b5aea680-1d94-4587-ab2b-a7dde257fb43,5
eb6201dc-b08e-4ffe-a41d-1082093ca705,2
0fe1cd2e-2113-4677-acd6-482b374c9a06,2
47e60f04-927e-4ad8-b630-41d94c25f4a5,2
0c04686e-f0a1-4885-9c46-75c00b9d865b,4
05c6daef-864b-4b81-9861-e26d2be22133,3
52785014-4b3a-4989-9dd7-6ab7480580cc,3
a229bc3d-40ee-4907-b757-c1bde69063f9,4
7d15e952-d9b7-4b9c-9585-51fd3293fafa,5
ab2cd253-9c59-4e06-bdde-0e70d78e4b92,5
d5827641-67b9-4950-b36c-b40ab70a43e9,3
e83363fa-07ed-42d9-b1c9-cc4544e8a9b5,3
e1340903-070f-444e-b520-b1776922103e,4
762d7f2e-33d6-4323-9fbe-11b4aee2a94d,4
d39bca7d-6b17-4c59-bc9e-36c54dbe576f,4
2e77c5ff-c79e-40f8-979b-ddd05743cdaf,4
448aafe6-115d-4c2c-a8e3-f5e903641009,3
537e8f9b-0c98-404a-982b-cdb149b125fc,4
5c6d9598-eb52-4a16-a678-b03f31c79f6b,3
3e29154d-3f6d-4e52-8a41-e86c2d3c6d33,1
cbbba94a-098c-4aa5-b7f8-a851466c5d39,5
a10bcbcf-c7c8-463b-b344-a37d1b3fa816,3
b2b955d1-3575-4081-8b4a-f7a7683d0dfc,3
709014d2-c6ad-47e1-b0e2-95481e87fe0e,3
f27f5050-10c6-4d88-b5e1-f7a2b12d75e2,4
4d06d083-f034-4470-8772-1fe4a0d1ac46,4
35084c40-ab8f-48b5-b778-4dd072df8a27,6
0b229a86-a699-4190-a840-17d8ec4effb8,3
ee824231-4495-471f-aee1-1c0023f527ac,2
bf85fbb4-ea4b-4fff-99e3-3b91fa6927a3,4
ca48e33d-f12a-41dc-b470-f58d7dabaf46,4
5bdf6f6c-ba04-40e1-94b5-59cf0ad5aa92,3
097e14c9-20b9-42a4-8294-0a7744468815,4
9b22fb34-c82b-4d52-9e49-5a173ef7dc19,3
907541e4-dc99-4c7c-9152-02e505ac536f,4
f07333fe-fd30-4cfe-bf28-1438568ff9db,1
c0fb19d5-c384-42bc-bb30-d3a08e0bcbf1,3
ad519c4e-5b92-4f90-899c-ba0372d86736,3
cc1a231f-f6d8-4c77-9932-dcf270af2c2b,5
1f1b5851-f6c1-45ef-8c93-60b026b9279b,6
806174ac-7d3f-4f2f-8d19-5d37897484c1,4
823e06d9-db79-41e0-a265-bba474e43dec,3
ae8c71b5-4275-4b0b-9d71-04c754923381,4
8e1748e5-0a05-491a-9f34-9bb3589a1954,3
19e7f363-6718-41d1-859f-d4758edec0a6,3
df2a97a4-a33c-45be-87f0-654ef22476b7,3
7409aa74-9338-4858-a46b-eac4e9ce5946,6
38d261f4-18bc-4435-bb44-b0564d7af17a,6
2d51577f-9281-48aa-8abe-49cae3349ede,2
2723e31d-1138-466a-8661-92a756844ba8,4
519c8969-687a-4ec9-b0a9-10389369bb7f,4
e10501a6-3318-463a-94d8-b56c191ae733,3
ca2bd287-f32a-4772-9838-dd244961698c,6
a226ff30-f77f-4cfb-bb03-e5609be0f4ef,1
7fff0b00-ff4c-4476-8b5a-cfd155317258,2
959811a4-21b4-4e6b-8072-683692bf165d,3
fb12e3d2-7b28-42b0-9eb0-244762c7e866,3
3cd3baf6-fa7f-48f7-85e8-4eabca9bcffe,4
9bfaf489-5b8f-49ce-9120-5aa6b4e46656,2
d664b58b-6677-45f5-84ec-a3c17679a9ab,2
8b359149-a7f1-4be4-8c5f-a995b87c35a4,2
aa5a88c9-3434-4eb1-a3c9-74aa64991feb,2
8bc4c87c-81c6-44f0-bfd5-44ddf1174a18,6
441edf4b-6e13-4968-b913-698b319a6ec3,6
7511ff4e-4bf1-4bc1-9048-bed0e2ee2e21,5
719df421-8224-4f59-8d76-e118b8c1ddc5,4
a602201d-0481-4e6a-8309-3302afe65f50,3
350f5d60-8c9c-416f-9b01-70c6c7a17750,3
a7f2e6ab-9066-47e3-b877-e90ec8ba1603,2
0b190fc9-b5d3-41a3-8b66-709a0edfc93e,3
f22e91df-b52e-442c-811f-13d497c4ae51,4
2adcbda9-dcc8-4ba9-af66-ef68e7f89279,4
d128df0a-f9fc-46ee-85d0-ee1ac875a6fd,3
09c7b2e8-2242-4671-87b9-e04b6efd25b0,6
44c0d65e-72b5-4551-8d02-2261778a2735,1
aebb8680-4488-4e14-86ae-fa58cc1baadd,2
1adfa247-e242-4dd4-a8f1-4a54cceaa1ef,3
9cdcc149-1b7f-4708-ab3a-d882bf66c56e,2
6f7259d9-7957-4bdd-abb2-7a54fb6a1e7e,2
dc6940ba-c4a3-406f-8501-92e909ded446,6
25e38bd4-2366-4cda-b2d6-16722024230d,3
244ce1ed-1e74-4e4a-b46f-73133d2386f9,2
ab6c98ab-6d3c-460d-928b-9e2052757ba7,6
453ea6ca-8cf1-4a04-af10-e0b3595d5ee4,3
32e54caf-823d-4f4a-aacc-0810e3d045a3,3
275da3f3-cb48-4874-9891-deb9e9bc8ed5,3
47e9a020-271e-4829-874c-cc43a4da4729,4
7bcb6d43-f5ac-43a6-af83-240f06e90986,2
71386532-c22c-4943-8b69-b4504a388886,2
ba4469d6-acd6-4241-b5a8-f8c0696afd14,3
84a59df2-4bf9-4145-a150-8604a70470fb,3
a4293976-fbdf-47ef-8034-8315b54bdcf3,6
a970f75a-7282-490e-8d95-0480e2ded3cd,3
a18ddf18-0102-43d8-b6c5-a8b901cf97a0,5
a7c30beb-bacd-4034-b2e5-4c20e25cfac0,6
7b136680-5709-4713-9264-e01e813aaa47,4
f13cbb73-c192-4047-aabb-dd10fc0215ad,4
e8a8dd1e-b5e3-49a1-896c-bc2d8947b4f2,3
7903cb48-a27f-4fd8-8997-1d27861850a2,4
0a5101d1-8307-45c5-91d1-80f3b909570e,3
d2f5ecf2-2e4e-4cc0-acac-5e28ce70a722,4
303efeaa-2f33-42b0-a4e5-03f570bde555,4
06834ccf-cee8-4e8d-8f81-6f7226dfd2dd,6
690667ea-3faa-40da-aaa8-047d2596b39b,3
e3d04418-8023-43bf-b5d7-6506311b8798,4
f205e667-8057-491c-a40c-b2712695fcc7,3
0c37f7b1-790b-4920-af80-5092aa466c76,4
4cdd81a9-21f9-4924-9ff0-228091bbdcb2,3
957ebd62-f27a-421a-9572-6c37c8211b2f,4
138f1539-8597-488a-b3da-3f2ac44e8f8a,4
3e02f7dd-f0b3-4aae-b867-f568b665cd28,4
5f7dab8b-3a44-4e69-8608-6962aae5a8e6,6
09159697-c8a1-4197-bd09-eb8bb5199f1d,5
7ed3b2c2-8b1e-4bee-9410-58f2b44af278,5
41015306-3123-4a1d-ad75-56d3083fea4f,6
38cf43c1-fcdc-4c49-8969-0dcd0cd0ed5d,3
560acc4b-655f-4605-b580-f0b39fb9c441,3
af9a0988-7b84-4524-9a77-ac16ec96bb7e,5
4621a792-d0e6-49f2-9225-d844e1f6c5fc,6
5a1436a5-fec2-4698-8b28-b85b47aa105c,3
d4b8ff80-e9e9-4350-9724-33a38fc8ba74,3
e8e04f43-81ea-4eb1-91a2-3299d3f5fc40,1
6f2696f5-ce68-4c9e-ae86-c9347b467a76,1
29cdcf58-7394-4b22-a90a-3fb0a0e5ee0e,3
751815ea-7078-4ebf-85cf-f0fcc1ddb37d,5
46fd2d99-d5cc-4045-a470-84dca19cafa2,3
ae732cff-f3d8-4622-a98c-b5544676f141,2
8c78f4fd-96d3-493b-8fb3-869118deed70,3
64e03cf2-b94f-4ab4-8d1a-2c361affc5bc,4
629a4c8f-2443-42bf-b6df-ae61219e0685,1
5edd9902-0d0c-4b03-a896-d6d8df245ee4,5
6cb34146-7058-4b78-aaa2-48b9c2f69ea9,4
37e8881a-08c9-4d9f-8841-ffe077a02642,3
1d2c328b-ab12-415d-af06-c8eeb43ed701,3
d7d50976-212f-4b50-9e27-06eb23be6878,3
fc5dcf6d-e4dd-48f2-926a-9e603e2d15de,4
22a03707-e529-4f6e-a25f-7186f0c8d34a,3
8931f17b-c2c1-4540-bec3-3ecb73c02200,4
3e69020e-7cbc-4167-b230-c6b14dbbd73e,4
76571401-7bba-4b1a-9921-041b27c1b631,5
0790367a-5ff6-4730-b8ac-8a9fba5d5cf5,3
ab99ce80-6793-4856-b0a2-71267eb1ee8e,3
81d85273-874c-4b9c-bab2-167e95784678,5
f6d82d24-abc8-4115-adf4-3ecd0aee8650,3
01d2f313-a642-42dc-87cf-023a284e47d0,1
4a839720-2666-4917-ac10-16024bdaba8c,6
de37060e-98d7-48bd-b4b2-f77785f6decb,6
a17932f3-0ad4-4eea-9b89-1c19a8cd5c4c,4
87f50b0c-f699-4ba6-b563-cb2f4a1f7c3b,2
92082ae8-ebbc-46ae-935d-b54c8fd5adc8,2
7f0012ed-8d17-4fea-ac51-1b6fd576f9bf,6
c18bbe02-7660-4449-95e0-99dad62ef582,3
532196c4-2ecc-45c9-9782-f597a70f8946,3
d8510b81-d229-466e-a3e2-e964e7397cb0,4
dde2200d-6736-45fd-891a-5a0962226f17,3
fbdec62e-8407-41fe-9469-16e5fedf79db,4
709300eb-ab9a-46b0-b0ff-c7a5d8c75467,6
d1b2881a-f8f1-45d7-bb76-523bd13746db,3
a3b288a2-d5df-489c-b969-dd1687d11500,3
413b4756-5486-4ccc-aeb7-37cbcd8d4b56,3
054c9f6a-6b39-42a3-bb2e-1129786be5c5,4
043bae0c-81f5-4c96-945c-12eda856c1c7,6
930034de-0a94-4bbe-8c6f-20e1d586876c,3
43e2ef88-afc4-476d-a2b2-121b450fb229,3
50dc7a48-ee6a-4bd6-9898-78ac2d305674,3
d61a7911-7aff-41c1-b906-8ea20da026d7,2
ead8be0d-228f-4380-9a7a-178347e64b97,4
2fd86160-6018-4a96-b33c-d2f53c1d7435,3
4ab29c59-4658-43bc-b05c-37888abb1981,6
a5ef3c5a-f683-4d15-88ef-dd5b03364615,3
5603dfc6-9257-495d-9271-ae0e9d0b9482,4
5b35be0b-0493-4f8b-b118-92ae04ddd23d,3
89d5ae8d-34c3-42f6-a131-b00d1daf7f37,4
28806efa-21bd-42c7-96f6-9186c7b2667c,2
14a71205-e315-456e-b8a0-0ae58bfda88b,3
a5397234-499c-4fa1-8ee3-6e56baa371e7,6
a7e7b76e-f46c-4420-b9a0-a1a36c6949a4,2
d8272326-a7d9-47f1-9e17-efef05a3bef8,5
50d9d424-aca6-4850-896d-63eb094aa934,4
1e48689c-dfa9-4c50-a774-c2376540d955,3
f5330d00-f1c0-4f53-8642-4c4b4d18c9c2,3
e33b9dc2-9b91-43a4-9e05-8b02a60c56e5,4
f63fb500-91c5-4645-a68a-36fa7d81aaea,1
20e18a27-3599-43be-a8ea-e1be98f383e9,3
665d4bc6-ab80-433a-9857-a3cee0b8e3ab,5
9161c4da-86b5-421f-a150-a5ede86c374b,2
73c36ab0-95af-48a9-9a17-d1c2e471e514,6
03f805c2-fef9-4945-9d64-11da65900364,3
2debc164-a8a2-49a2-b91f-33859cb9943b,2
193df7bc-eebc-4cf2-b7f2-69831088db04,3
de50c9f4-3768-4ad1-9c0a-cf19c8440c22,1
2cde3a4b-c61c-4ceb-b0a2-af11044dacd8,1
7b6c82d3-ba97-4253-b1db-1d62a08f1664,6
d2a7472c-0453-481a-847b-b70d433ff6e6,3
0c43e6be-0704-4a5b-bc5c-a44e9598a16b,2
ea0abcd1-c5e3-4daf-a59b-e58e91e8d79a,3
6e9e9f8b-3533-42b3-88bb-730ac9f97082,4
5b14ef59-5f06-4685-b463-7f3d24e0b640,5
46cd2970-aa33-4d2f-b869-eebd7c0b3f00,2
1a1f2d77-fe24-4c4c-b057-9b88fabe168f,5
de9a41e8-dbb6-4e7c-91ea-1f4261001ed0,4
fce8c526-674b-4bd1-9478-e5dac83aa5c7,2
26eb8c91-ef45-4434-aaec-f6b2b75d33ac,3
1a1e9665-7961-49e4-bec2-008e1bfb077b,3
c9d365bb-4687-42f5-9f8a-ae4faa19786c,6
d6bd77af-3277-465f-b2de-3f03585e3e15,3
71c918d2-850c-4635-b438-45a09b5f98cc,4
df6fa265-96bc-4505-9d80-01e07e75d58e,6
6720f912-fd9c-4d50-a4cf-845ce873384f,6
8ca6c8bf-0e48-4cd0-b2ed-0bedf0036031,3
2ef4dbed-a5cd-474a-9e24-3d76cee75830,6
2e32f65d-71c2-4821-af11-69aa6699e8c4,5
42745da9-4707-4ba7-9986-3a745f41dd90,2
2ba646fd-5231-4d68-8603-18925b55b245,4
8a2222a1-c69d-47c3-bd58-f1388e95ff20,3
39a1cdb6-6ecf-481c-96e5-9d2ea84887e8,2
cb4c02a7-1a22-4900-a6df-f147136c2367,1
b0237add-f297-4ca2-9d7c-0dd021d96b6b,3
9b19bba2-dea6-40ef-85e7-6267c355b223,5
c80fb480-72d9-460c-ae63-229e5bcf7aa8,3
bbf3c187-be32-49ad-bee6-9d5a94eac583,4
5e8a388a-8a3b-46e6-bcae-c5934a181af0,1
ac7443bd-042f-4fb8-997a-ec50b87ef807,6
f0021877-4686-4f89-ac04-c1496d071027,6
1eb87ba7-391a-4b50-9177-58ab345273d2,2
f810d28e-4d14-4e45-9989-45bd85f5a850,5
3932d860-e988-46ca-b1cc-9f2b55b680a1,3
4754009d-ddf0-4af7-9d52-ffcc825677ec,4
e1cf5473-4c7c-4922-9600-1fd0a006631c,5
b560c7d5-577b-46b1-9f79-83fb92507cc7,3
33926a39-e3a7-44a3-b0ab-5da3ba5f29a4,3
71e6f4d4-0e93-4ddf-a967-f67f791af6c2,6
19863eb4-0b2e-4380-b386-a442ba4522aa,3
d11891f4-f63f-460f-b3c4-0a86ace7167b,5
3cdd4c64-3560-4bfc-bc7d-d740d0e550e0,5
4cafe1bd-4ce2-4a35-bd01-6f54cff4a43e,6
60eb55a6-7ed1-49ed-ac88-0a049b22fae7,4
69e881f1-5e19-4cf8-8439-024e7b7c3243,5
c5e9aeab-1e0f-4080-b16c-5328012c9220,4
f5439d8f-b8d0-4359-b7e6-9c1ccb09b72a,4
22f56354-3fc1-47e0-a8ed-ea977bb0d063,4
fcdab652-0980-4bad-8bcb-db380e5ebf83,2
794415d8-5382-4b18-830a-f6819ec86af0,4
289bda86-b012-4dc4-9ed9-a96230edb2dd,2
ed5f43ea-b8cb-4b1f-8bbe-25c1ab078115,3
58c0bdb9-d0da-44b9-a12f-6c6d6e148036,3
0a223774-e90d-4919-9d2b-3e8315c20965,4
6a35d391-bd01-4773-8136-1dabaa768ea5,1
8b43c2ef-ac5f-4cc0-b06f-2740a0c1ac89,3
1f3e6d00-7b0a-4eac-a1e9-ef47d0b198c3,6
37342c43-05b8-4a55-a20e-07ad05d8f442,6
f1e6be6b-f7f2-42e8-87b9-33b39532d4af,4
b868a28f-a871-4c0e-a89c-41281158e41f,3
394e499b-149a-4ccc-9a73-c5adf00a0452,2
de99e25a-a4bf-46c2-87d2-b47178e191ab,3
c957c0f5-7e2d-47c3-872e-09a7ffc73e99,2
ff36c020-4f81-467e-8bdd-2a3b9d39026c,4
671e12b2-30ef-4e20-aa80-19e90b807a1d,4
00f6228e-961d-4fc8-b654-1833fcd473a8,2
9fc45b64-4663-43be-88c7-1051a819e10c,2
84c04ee5-0271-4dfd-84bf-7a5b7073df21,2
bbfbad0d-94e9-42bc-8283-aa868f2b680f,3
d3125cb6-fe6e-47d1-b9ac-2f0a1d29de92,6
b21b37b3-7616-4125-8e95-029368e8c64d,2
d0a91e43-894f-4c86-b295-d02212971b7a,4
83294c57-b217-4e97-9308-bc7d12025177,1
e60ac521-f79e-414c-909e-9132b9c9c8f1,3
5b7536ef-f6de-41ed-9ffe-b8668f99a558,6
96a5e2cf-ed4f-416f-ab8f-682d5d5ffd94,3
5acceb1f-0449-431c-9aba-a6bafe4179f8,6
c74e20f9-30d3-4aaf-bea7-9206848f1a01,4
e04c6c60-24aa-470e-bd22-d1c18223d3ed,2
82d3d4a1-2dfa-400d-923a-05cdfa62ccfd,3
40d0d2df-df76-4698-b6cb-faf61aef51a0,4
1c79e3ac-eb92-4e05-9cd2-dc5150b7ac3f,3
b16c2960-0628-4314-b415-21939d70b04a,2
ff67836f-6bc3-4aa8-b33b-28c3fadc7fbc,4
4acd696d-769c-45e6-b480-ac3be3040aa2,2
0da4e8ce-a591-40cd-b3f4-a8c0cda013ca,2
4ed87a17-77e8-4f9a-98dc-50494af014b4,4
460fc482-8ecf-4bca-9aef-20fe3ac0265f,3
bd7cb8df-0fa0-4653-af62-74ccb431817b,3
540e6a04-3b45-4f77-aa65-beafd1534247,3
f9677beb-4c89-45a3-acce-1dbfd5569f50,2
184c597e-24f5-4772-bed0-d12224fa9be8,6
eb305222-2451-445b-9f6b-e72a503f7d0d,3
a842255e-2086-4dfb-9e28-438627bc6f7e,4
15e759a1-cf46-455c-be1f-7678f7b9cc04,2
b441c4b2-b37c-483a-a424-843665dc6eff,3
fb0cb5af-d8e5-4fd2-9a6a-2b904c7d44c5,4
f6f78bb8-6b3a-4200-b14e-a5adf08fea20,6
a1c84466-4baa-478e-92c7-469d4d69c3e0,3
3cb6c2c2-01b3-4e45-bc5c-94076e9c73d5,4
a1f427c3-5ec1-40c3-a18e-adcb92608459,6
d3976b3b-cc29-43bb-beac-e9b5234fbf98,4
9e186ed2-7616-497d-a74d-d6465fc41c8c,3
52cc3663-b5df-4b3d-8cda-472129a53b88,5
dc128b9c-0cae-40c9-a70d-6a81dd3811ad,3
13e209ec-05b2-473c-9fd2-d1db24862193,3
22374039-1916-4f6c-ae98-b86fffc561d1,5
d37a15c0-3faf-42fc-8b00-e5994b6aae11,2
19f3eca3-0500-47c2-a27e-92b512880fdd,1
cda680b6-a346-4d4a-adf8-512ad6dbc549,4
76342ed3-a46a-49b0-90f0-691cbeb16a70,3
a1820531-62a2-4e47-99d9-024ae107bd6c,4
45f0df6a-7366-4143-abfd-0963a2aef78d,3
5f8aa04d-52fa-48a8-ac66-85af2d913a74,4
83a0de54-9d85-4ad0-8061-2cda33ef1498,2
a80af93b-d11c-4864-b973-5a1ccb9bb8fb,4
a0a778e9-2c79-44bb-ab18-cd0992e7bb61,5
8c8be323-05c3-4935-bc96-8dc6b80bd3c6,6
f71bd730-2a16-43c9-83d6-811dc10939b3,4
445f7674-5cd3-483b-b3ce-5aadb59e3ba7,6
8aff2d89-919d-4ac3-8ae6-2331901a7532,3
b2de7526-2006-4935-813a-93e2a1f02b44,6
e5310af5-09de-4006-9637-1495489b570c,5
5415fc50-caf2-444b-8150-8bc07b54d9d3,6
93637b56-2c79-4710-8668-8a038bbd2e06,3
d36816cc-2f36-4b16-abea-ab76a9b7bd24,4
f8e19d91-feaa-4049-8693-95641506d797,6
b555d628-11fb-4388-b12c-64b68bc0d54f,4
929672dd-3a97-4994-b200-e73ee6221f64,3
b85e7287-2ee7-4a44-b9c7-d230688d652a,4
9ec0317e-7750-46e1-ad89-6ceb68d3031d,4
ade715c5-80b1-4857-87e0-5a5794d428ce,1
c0a81d5f-5753-438e-ba73-13e3039c8eb4,2
8771bb3c-00f0-4851-92e3-823d1f2ba93a,3
de8febce-773f-4daf-88d2-a8de2c767305,4
83c86cc6-a02c-46e0-8d97-7da98b13cb68,2
c82503e9-4415-43e2-8b7d-5b3cee6e2448,4
392bb22d-3eb1-4d23-90c3-aa35ff1083b6,5
480d8a82-d6f6-44d9-8fea-d394f99cebb0,3
524c9c16-d1f5-4f5f-9e16-535e46eca974,2
e3f90138-7b94-4614-917d-adc9f0f1ed01,5
81f22a68-eb4e-4946-bf8b-b57a7fa8be1a,1
87d64de4-226e-4282-afc2-8e4edb896528,5
33fb5c60-6337-4d42-b449-285f2cfb4b33,6
05b05a82-e23a-409c-a1a1-b026b108ed67,3
9218d241-277a-46e3-9a9c-7bbd3b8b392b,3
a5e55e47-eb2e-442c-88b5-bbfe5692b565,6
25bdcc74-f415-4d67-93c1-91da23e5e8a1,6
f8ee1621-6de9-4db9-a511-92be1c687c13,3
c181a8bd-de89-42b4-8f1f-9d186608d402,6
fcdf32dc-b0e4-45bb-90b4-fc14e270c27d,2
98fd19c2-649f-47d8-b489-03b22d1e9950,6
bd17358b-b6ab-4477-9afe-86077565b96f,6
477345c7-50c4-43a9-98b0-9480767c10cd,3
cb30d402-bbe3-44aa-9bca-0a4b200d563e,1
2094e357-98eb-4b81-89e2-137e5a56221c,2
5815cb95-709e-44b9-a4a9-386c86d669de,2
cae43dd0-553e-4f16-96c5-89206935f4e4,2
0cc4dac7-38e3-4a25-8135-c4906e3a868e,4
a6300c47-df2d-4c42-a531-f6a04524cb80,4
fea1c641-a5b2-47a9-814a-2d1b308a421a,1
f915a3b9-f0fa-48d5-a716-f837aae02f10,3
a3ea518a-aada-46b5-a47f-0dea2095151f,5
fb195337-5b1a-44f7-8530-781a2596579a,3
a97c1722-99f5-46ae-aa54-72bd4a402c4f,1
456ce4a0-7ac5-4cef-91ca-43c2da92cd1a,4
9f6a5948-4936-4aa9-aa7b-5510b33e684f,4
6a406866-39e0-4f6f-bd21-73282935f105,3
31f4cc30-3df3-432a-8e2a-5785ab011f4c,2
6c8e9895-7307-403e-a600-82b4baf5dddf,6
fbd6c957-d3c7-4822-b1b2-a74629ff9a7c,6
13431cc2-aa24-4c03-9953-54c26ee0a74b,5
d0571105-c622-46ad-8b25-0dbecef45b9c,3
160cad2e-0d5d-49c3-a142-ab02568cf31c,3
a3e4e507-c7a7-439d-ac19-29fe8199dd3d,3
72a3e306-af09-4788-8825-4a6c86699328,6
74087213-838f-477c-9ce0-a8760f55723b,2
ab8f3f6a-7d70-4199-bac9-3236a9cb32c5,3
4a736ea6-447d-45df-ac5d-727216256c77,4
965a0766-42c0-41cd-9855-59d533d17fd7,3
dd81c332-8de4-43ca-96b1-6f8dcaf7ef9d,5
38510fcd-33cc-49ee-aa86-e2fada770c84,4
290a684a-74d5-4e53-a76c-7c74fddd2348,2
53d6657c-7ddc-4200-ada0-ce6291e1967d,2
b614fbcc-acdc-4c0d-9d65-a76476af0a68,1
3145dc44-bddf-42c1-b33b-b3354b80f7cd,4
39d461b0-9633-412c-a019-384af6cca0af,2
20cdd790-6810-4615-b033-ad37d38a030c,5
fc698ded-56ac-4f98-b987-9a6f4fa852f7,5
0ce7ce52-be82-4a92-9f50-f207bd2ec93a,4
f85c73bf-8182-41b5-a8a2-8654fe7ec635,3
7e8349fe-51dd-409e-a4b0-d17241f0d0ee,2
bf371a60-5fe7-4a61-96af-14926302b03a,4
90862d96-98a3-4120-bf59-9783b2b8572c,4
6b793554-a66a-4004-991b-1123b73db0b1,4
565a6bc3-d84d-45fa-8601-05101e8d2cde,3
4a46f44c-ab9a-4479-a45f-ff7a9bc6579b,6
7a2dc039-6eee-4a06-b744-ee18f20f514a,3
5561da7f-30c9-4b87-94b3-205a767a3a89,6
b60c6880-b23b-4e12-ab1e-7a62b6396f43,6
c10952c1-ee89-4382-b71a-42c4fedcb798,6
fed6a5f8-d2a3-4e88-996e-bf46f32f9148,4
b50bded4-0dfe-4561-9350-dbb77de7af33,6
64c4a0fe-2bb9-4f52-aa24-1cad5fa6d775,5
244f32de-01cd-4247-8df3-5ad9f49bb26e,3
058b58df-b407-4384-a760-14ec78913af9,4
26603da9-702d-4c30-b143-51eefcc62d7a,3
bf45f2bd-00be-4ca3-84ac-7ed8fb27fece,3
009a3030-9859-4ee5-bc36-a740a568199f,4
664e991f-f691-481f-87f4-6ed449067903,6
885f1547-6ea1-48e1-ba76-d5edd557c09a,5
381ba611-aae1-433a-8d3b-0f2a07dd81d3,2
3a9e9b05-2ec8-402a-9295-7f0e2aac9d38,3
c81d74e2-0b8d-49da-a214-fd09c82104b6,4
ee245d11-3de4-481f-b2aa-69147c99a709,4
3ca7b212-f08f-4e22-a468-575b7853807e,3
d91451c5-84f3-45a4-9553-d2770c165000,3
88b091aa-ceb7-4e13-ae71-01bf7254c00f,2
bb0cda23-e023-46d4-b3e3-25e9ef727837,4
b62cc9dd-a9ba-4271-9879-3676a19e6ff2,5
da4f4713-3914-40a3-9b45-6e09bc671d74,4
9c149b09-f0dc-47be-a986-c10e7290f374,6
2d318bc2-0ee9-47a2-af9c-6c12ba45206d,3
ab2b10fb-0615-4ce0-8979-ddbcad8c712b,5
db062640-c42c-48d3-8bb3-ef6e5a571b8f,2
e783f58b-62c2-4aab-b9aa-140169f58030,2
7325f5a8-67c2-4f6d-8dd2-9e1563ae7a78,5
f381392c-31fd-47eb-85ff-56dc66253434,6
b340f49f-d859-4b37-b9fa-656e6bbab036,6
c755e261-6fe0-4a32-9eff-1b235c15b486,4
342dd5f9-a194-4369-9ab3-7c073fb205e4,3
f2045829-91ee-417c-9d75-5f924277256e,4
42d4f92b-54f8-4c39-9b46-cdc4ecac2305,2
96cb88e8-426b-4261-b4a5-c1c260184d72,1
cf22df42-6440-4111-97c0-c30c67c6c3fb,3
6e77d9ea-cdb5-4058-88e3-10727bd67231,3
225ad7e4-ea79-43d9-ae89-1d2d53db0ae7,2
f9a24e0d-5114-46a0-ba81-28300758d17f,5
05cff493-dc22-4bbc-a63c-2dbd9f0a81dc,4
76bf1b1b-fb22-4ba1-8b41-3649733928b6,5
422c2090-f007-4e45-9c16-cc502a1c62d0,4
98b1e8e0-adad-49cf-86be-6709ebd6881f,2
db6eecf1-d6cd-446f-bced-a4ed73331484,5
cd92cd38-822e-4600-9bc9-5eefc2f20ab4,1
3debe75f-e0a9-4f03-bc44-fce2df410404,2
344f11e7-e9c4-4e0b-b044-7ba11247a9a0,3
c6c6a7aa-ea89-4c90-a296-326a0ddd06f7,2
98b6694c-06f5-409f-bde7-59eb5dfaf89c,5
40d93b6b-bbd4-497b-b55d-89b679ad1eb4,6
46360696-c00e-4e34-a4c9-5505c2a9e6da,3
35943199-6d03-4458-85c6-dfac3e736fc5,3
b8363e5e-f22d-4826-b98f-af85e56db306,2
8c03f940-2d55-4835-825b-27d5c6e1d5a7,4
114adc6c-e73f-4908-88c2-dc49689a33b0,4
b4fa91f2-c84c-42f2-b192-aa7abb12c6b5,3
77d68547-30c6-4fbf-a40c-9e90f9e73a98,3
564ae7d7-082b-456c-acd1-34661c8edbe5,6
156f036b-afa1-4f9c-bb5a-5b1a028a2874,6
834ab792-f474-4221-b3a3-ddf493d977ae,3
82629737-db1b-4bdd-b9c2-6850b116072a,4
79ec426c-06d1-4bf4-9e6f-ce353cb46a75,2
6522a623-b549-4d9e-9d86-5b928bd120f3,4
83d3de3d-448b-4c52-abae-d9a55dfeeb41,6
2f88348a-c531-4070-8eeb-3a2783831db2,4
85b9f9a7-10f9-4b7a-b605-641b529d385e,4
09a8122c-be9b-4a41-8345-e36b8551e553,4
87982605-795c-40df-b9c8-187edc363da5,6
1e1ed813-49fa-492d-a915-84c4a9b60a40,3
22da44ba-e871-4c59-bb23-0765cad7eaec,1
05423198-f250-492c-afe9-5884d380c134,6
f19b22aa-9d87-4c58-b4f6-f2a803e908f2,4
39a40a39-903c-430c-96d4-5d0106c51030,6
52381a46-c2d1-49f8-a5e0-40563c7c8002,1
0e787bd5-e31d-4ca2-8830-65ba0c14535a,3
1c7a2e00-e49c-4d20-b7fa-4632fc40a58a,3
885c1dce-c1b5-454d-8b6c-f4b8af8670cf,2
1231d2fe-a067-4239-bcf6-dace37797384,4
33ad9091-f2ec-4c8a-8b76-20113cf11e78,3
e637b1ff-c3a9-4da1-84fc-5e661b508606,4
c4d4e94e-bf86-48f0-91a3-20a413c2dfcd,6
d2096e42-f068-4854-baec-36d821b094ee,2
2d345030-f76c-443e-9109-1bf7a33c5cba,6
d3d9c698-02ae-4769-853b-cf50f80aca7e,3
84e660f2-c66a-4c3a-8913-e133b90c8d7b,3
f266f9e8-729e-4aa5-9d24-c74194f6f8b5,6
1997fd3b-669d-4438-8189-078451008f76,3
fe81fc36-80f5-405a-986f-6ef30fc72fad,6
f7d7648b-6bd3-4255-9f54-7a161899a470,1
a9be8e4e-4f70-40fd-9bf8-efa1bbd16723,4
3dc52849-325d-4c62-9212-c8176dfa5b05,2
dd50993b-8a65-4535-81df-2b497502d323,3
9e16ca5d-4989-4272-bb47-9af8687eeea4,3
7df7be98-c323-49a1-b15f-377afe87aabf,3
ac3fab88-25c5-4bb4-8a98-0a9c7ca91c55,3
6d2db5e5-2cb1-448a-b15f-788d5de31321,3
65520434-5c27-4bcc-ba43-a6201d25bdb4,3
0a9db693-a6e7-46db-a9b1-ab71e763efaa,2
fa860798-c139-4268-a8b0-22cb43204687,4
89f158bc-1a6e-4279-8cac-d721595bdf9b,4
8aa2b0ce-2c41-48f0-8cab-c229450c86e7,4
c289f037-5d2a-4f26-9473-b171b2417afa,4
fd7ed65e-0922-4d48-a00e-8a50eeef5fd3,4
cab5f7e4-5d6b-4874-8143-9a8c5f760380,3
36e3e280-5ef1-429e-82ea-3970967aec75,4
243c9845-a8e1-4ca2-b467-77531849d5d6,3
373228a0-5e36-4a6b-9243-b87baf334273,4
09955473-d8fe-4b4d-96e1-83a100d28b8e,3
90c1f59a-3e64-4095-a705-300621bca92e,4
1cf0d526-aecc-417f-a4a9-7f8e5b1b7995,5
4c7b0d94-6ecf-420c-9d59-b0fe455e0d23,3
3002703b-bbd0-4bfc-ae60-f99080ee82e3,2
18da98a9-ec2b-4f34-9220-5433eff17a51,2
ac5c2d09-ee54-4f9b-b035-a9d16577a7a6,4
9d50604e-7dc3-42f5-ba2e-e28abb2ead6f,2
aefab890-701b-4d57-9606-9dc432061433,2
da5dc2c3-2bee-4725-85ec-a7a516b774cf,3
343c2738-c223-4c4f-b75d-063d4e9fe50f,4
44e08ae6-7f6f-4ec4-a9be-de1800f84a5e,4
3489d349-ebd4-4083-905c-197c98b7e577,3
8400aec7-ed2b-4f6f-8b58-8c83433e3731,2
0fb43eec-7dad-428f-9ff7-09d83eae1f67,3
6d05c44a-7c8c-4bec-958b-d0543e85ee30,4
b2203541-5a8d-44ef-8929-25c3d1a1ea46,4
e9f93216-e6e0-45ab-8290-637142ef7ab2,3
329585fd-8259-4457-abb2-91de48be5a5a,4
5783479d-eba2-437c-b5fe-c9ef130e87d6,2
99255c6d-c29e-440d-810b-8cae8fa6843b,2
59b806da-e1e2-4272-b269-b6f30a126999,3
5f3b6967-dc62-44e5-830d-bf60df43bcc8,4
1cfc720c-52c2-4f71-a167-553e189d9301,3
a9dd71fe-9285-425a-a378-8280c7a457ed,4
1d3c1e60-db13-4b63-9e19-b4f0c3ae099e,3
82196dfb-9171-44f6-8d24-65b913635b12,4
15c4668e-04d3-4cc6-98c4-543bd4dbb710,6
112008b7-2fe4-41a3-ae90-79d476b89db7,2
1d8e4379-03b9-43c0-9dab-c43fea65a421,2
c95d0004-456c-4f96-8a09-d00b2b98447c,3
2131ff3b-d961-48bb-b66b-75a791ffc2ab,3
4edfac24-1818-48aa-8a7d-a88939d74f31,4
cd816639-6b8d-421d-9db0-d87edc6cd33b,4
ed04c746-b5d1-42c8-b284-027c20a582ba,3
1551bf5b-f5e5-4115-9a0e-164ac3c2081e,5
e075479b-a0cc-4ba4-a0f7-e782d13913ea,1
f7efcea9-7b94-4efb-ad02-7aeee9fcb08f,4
7ccb7b9f-b98d-40bc-98ce-a8b9f5030f50,2
8f62b9aa-6b99-46cb-bccb-e22d45c6d6e9,2
cefe1fbb-96c3-4de8-9865-77c82aff0b34,3
8e697b57-c5fb-45c1-aa3f-c4a4b4d37537,3
1ef6fdb0-f130-42d8-bf6a-b538ce6b7668,6
e18639db-1037-4934-af6d-c77f0ecedc35,3
194411b8-89ef-4d03-975d-fc08c0f922f6,6
d73ba2ff-8b3b-443c-ba81-fa2f875fbe89,1
cfb39df9-7ee3-46a1-b409-daf9d89de86d,5
03c27e10-d80c-43c5-9665-d921d5c98530,4
52c6680d-713b-4c72-b02c-22820a74d04a,6
002fa3e8-530a-4469-93ec-fab7a2eac4be,3
7f93b6f8-8301-4ced-8758-b88663bec7bf,4
e96561a7-444b-43d9-9493-940693d6ceca,6
d32b3837-683a-41bb-98b5-4adadf519c68,6
5f5c8146-5034-4f18-829b-6fc9e9bafabc,4
d5fa1d5e-84c0-4eb4-9bc6-c82b8e65e9d0,2
3411c0be-ea19-49a9-8690-c56f1e253931,3
88b55259-5849-4490-9aba-edc0565964f3,3
d0e6a2b9-b02f-4003-9f16-0eb4886481e1,4
69d39b10-a0fa-413d-9051-521ac085c74f,6
8e347389-432e-4982-be82-4f3e7ebfdadb,4
bb75d8ec-4e91-4468-a1e8-9bfd229f02cc,3
dae4cdb9-26fb-4e0b-81df-16f9ded06f35,3
5c6cd578-016c-46b4-8e7a-4cd96833d51b,3
d4802955-b092-4adf-a868-870de783d514,6
d54afe03-18e9-41ff-9297-d04b69df7e22,3
b292cb69-458e-4bc4-b3ee-a32f0d30d801,4
4ef85db8-5d8f-49bf-afa9-49c4efb8dbe2,6
af439886-cf39-4416-8c49-9ea2b4af4c71,4
61564161-d167-437c-adb2-1096b7b7be79,4
8f118d49-6bb0-454b-b7c9-8e0cc87bbd1d,1
4ee01807-e598-470e-a6c1-0f69dce0cd86,6
e67e8300-3e6b-4400-801d-4dc495526e69,6
d7869501-40ac-439d-a78e-b742cb13eb44,3
c780a359-6723-481f-b19c-6a0c303be818,5
b8183822-7188-4b6a-8311-2cbfcc234c90,6
70bf9387-dfb5-491f-aaa2-af2e3a9ed2d7,4
70a1e916-65de-43fa-ace4-0613179f6afd,6
0d0c1d85-8310-4833-a582-5afeb293438d,3
4c2a5230-7324-42e9-b05a-b44561b60a69,3
a8611669-de7a-4ad4-9dd8-f61d66c16caf,3
d932bec0-6e2f-4f6d-9c61-99cf47b9d22b,4
746f1efb-c005-48f3-a4ac-6da5f7173306,6
097c0f70-f898-43bd-9ba3-b5447cb29b98,5
a7c39d24-0033-4b66-a8b4-f33bb56935e7,3
0e5c4d34-4ad1-41c9-848e-861ae9c5e356,3
81d60020-0ef2-450a-b356-0626d916aa20,6
3ae841be-1693-46e6-99c8-915a9c721e9e,3
3f03924c-674a-483c-bb0d-ab15cd33b44a,5
3d1a7383-f00e-4c97-acee-38f93932528d,4
71c4f84e-f058-4e9d-bf37-376741819719,5
7d0d97a0-238a-4feb-a9eb-2482c9ad0a2f,5
0d3a64d8-5ce2-41c1-a9dc-fe774a12836a,3
6f66429e-8526-43cf-b847-19c55951386e,6
201f617e-7ad3-4165-beb9-b9f89538fe67,3
a8963d36-34e2-4530-8ceb-d487a60d4b32,1
8285ce4f-093f-4c24-a9b5-ef585ba2cfd9,6
0eec9472-6275-4ec1-93f8-f8466788314a,3
b21d7a3d-b832-4711-b95d-3813200f928d,1
23792a9d-7f6f-4b9c-a0c5-60ca4a63adc6,3
8ba27d1d-42ac-4655-aa66-b52d8d8253be,3
a56918cb-fcec-4cae-8cc9-a35092b40d12,6
37d82b6a-b152-4e81-8b08-f1d681d50354,3
0cf4f3a2-2769-40eb-9ec5-e27a84235f0b,3
c718efa2-4d28-4012-a6a7-621b99913750,4
18ed390f-733c-418d-a3ab-39b6fefb96d1,6
41a51b45-326c-4c19-9dca-156998460ce7,4
b52623a8-aa6c-4670-9f5e-e61a1db1ba6f,2
6641aba7-703a-4699-a84d-6054ad5eb599,2
cc7e7264-923d-45bb-9bd4-267f45bbeb1e,4
9c857fd8-5b36-445c-82a1-e108cd35be3a,3
b7858d9a-50dd-4f7b-858a-e81389ae96d5,3
8277c4e9-5c7a-486f-8824-4b24b47adec2,4
e892f90f-c43a-498b-a124-c55e0535ddd1,4
ec489314-17b3-4209-8667-acca0126f46d,3
2f3a36e0-5eb2-4848-a93f-b899b773f677,3
f01bce52-c894-4c21-9079-18e7ec0be48b,6
abd05409-8fff-46fc-98c5-8dcbf8440cdb,3
cab45742-3e76-484f-8816-1e3cb0e4794f,3
14d1f12d-17c2-4684-a7db-fa44d0347731,6
aefff5ba-1df7-4929-be1f-86af07bdf1cb,5
2ce7ab59-f084-4fac-a191-c17a0ff17585,5
4b464bbe-4aa6-498e-8f50-f645b26cd5ff,3
c1373f0a-f713-4886-805b-bae5a422bfd3,5
8e317027-5910-4425-bc58-2f12586cee40,4
9a2d38e7-85b7-4dbe-93f3-96f868d84ba7,6
6bf0c01d-6287-4cde-887d-f9462718c865,3
116228af-4768-4cc7-9e6a-042e744afb6a,4
45800738-3047-4c8d-acc9-ac6e5fe5e9a3,6
b8379962-06b6-40f8-ad31-e2c262ad5453,4
9e1b6ec0-1fef-4edb-9759-f2146765b804,1
89ba6933-27f4-48a9-b1b3-bc68cea048b0,4
67772747-748b-4c5c-baeb-fa2a42828156,2
7c9a10ab-3e8d-48b6-92fd-45e5fdc169ff,3
063e9d6b-1b20-4884-883f-f14197324c8f,4
5cae10bf-351f-4490-99bb-a96e67fbe565,5
31cb7e3f-ef2c-4b38-9c0c-e38d7c3b49ce,3
dc80a22d-00b0-476b-9a3f-ebfd339922d8,6
32004bad-3cdf-4c22-b690-8a98153bf93d,4
e22e819f-0eb1-41ff-9860-2b3219d5dc79,2
54f976d6-9201-459e-bb7b-fbf08960eed6,2
3c1a4418-28bf-48be-87e3-898b6e3a41e4,3
03215b3c-398e-49a2-8752-a4c18ccd43d4,6
692a2312-87ef-430c-bb16-3d6831f18832,6
594efb89-be03-4490-9626-df888240aad1,3
a8ec12d7-8d0c-42fe-a19f-8c5383ee59af,6
e2fcf52c-c03e-4a95-9457-11ca9dbc6199,4
f90fa80f-d7df-4efc-b649-c21319149d91,2
3fa352b8-c70c-4264-ab92-3d6524fcde5a,4
32a4ca52-4297-4033-b5f8-58f705bae8c0,4
8593b341-7220-488a-8d69-d0a319c16aad,4
f9ef89b8-554f-4b47-bde2-27a3d6b04e63,3
61e98bf1-6a3f-4b3d-9f6e-17a5153f36f2,4
8ee99b04-be97-4133-b9dd-7dbac364a48a,6
aa5c3a2e-7cb3-40be-9833-c3038e9e3525,3
1a53b9f1-f25f-4524-a3de-ee7b250f5ac0,5
7e09832b-9b30-4352-a13d-cefb2d3c06fa,2
101db647-52b3-4363-824b-57e771de61b0,4
6a9c48c5-65c0-4bc1-8dd2-0db3108f8c13,6
f93d3553-7c7b-484c-a3e2-bfce6c6e0bb3,1
f22c51aa-f519-41f8-ae54-ff5e90c72865,3
28f4f30c-d161-4d50-ba0b-526e32f83dd7,1
26fe67f5-2e22-48fe-b511-b6c9b95e7539,4
6e0b2a23-759c-43f6-9fe6-cada2038df34,4
93a58bf3-4c28-4317-a068-69b25ff43ec3,6
f194d718-ffe8-46e6-9ad7-283607e01005,3
7b999992-4ebf-4f90-9a71-ea112d88e260,4
92dd181d-1649-46d3-9670-783f8192429b,2
8db75a17-77c6-429c-88e1-d5c666635156,6
695e380f-a0ab-4cce-b878-97514e863ef7,6
d0368561-6d73-466c-9e8b-d8fb553a1eb7,3
3aaab394-9324-4cde-af44-e641ef884b01,3
2a384ceb-e061-4e1d-938e-da826b0e5d09,2
b6e78ed2-5840-420a-bcb1-a877d41e229d,3
2906d7c0-d247-4237-b9fb-c466a22d49c9,4
484e0678-853c-4a49-add1-6cb028c907aa,3
249f7de9-1deb-43fc-9267-6238b4a5344e,6
556e3073-8632-42d0-a31c-90a7a3eb68bb,3
ceb3bcb0-2864-460d-914b-f2a56db5d38b,5
af822521-6784-40ca-a49c-6e95ea6b8ecb,3
5f4a7c9d-6bb8-44c9-a1a9-b5e4dae812aa,2
bdbb4449-04d2-4974-911f-4e364aefd16a,4
d6d5ac2c-10f7-40e9-ae45-6b6a972eb4d5,3
09c449f5-0752-46e5-ad05-6548e3019cce,4
b33c3914-e761-4b8f-b7b6-a9c4899dfefa,5
223d40db-89be-42d7-87d1-dc8fac9c8451,4
eb089344-7111-42cd-9922-5f1bb66de969,4
1c4cd4e4-02b6-42fc-8c88-89aad1301da9,3
63e3342a-1997-4d66-9c3c-d8228f8dd37d,4
be55e5a3-5c4a-4439-bbb1-b42bf84a239c,3
925ca891-0164-4bf9-b729-5fb007b90b9f,4
2bbb5245-b252-4f35-9166-5f8af0d511b8,4
a11646e9-1334-4cb9-9cae-b0222993ca9e,5
